
-- MySQL dump 10.13  Distrib 8.0.33, for Linux (x86_64)
--
-- Host: localhost    Database: banking_production
-- ------------------------------------------------------
-- Server version	8.0.33-0ubuntu0.22.04.2
-- Backup generated by automated script at 2025-01-15 03:14:22
-- Dump completed with mysqldump --single-transaction --quick --lock-tables=false

/*!40101 SET @OLD_CHARACTER_SET_CLIENT=@@CHARACTER_SET_CLIENT */;
/*!40101 SET @OLD_CHARACTER_SET_RESULTS=@@CHARACTER_SET_RESULTS */;
/*!40101 SET @OLD_COLLATION_CONNECTION=@@COLLATION_CONNECTION */;
/*!50503 SET NAMES utf8mb4 */;
/*!40103 SET @OLD_TIME_ZONE=@@TIME_ZONE */;
/*!40103 SET TIME_ZONE='+00:00' */;
/*!40014 SET @OLD_UNIQUE_CHECKS=@@UNIQUE_CHECKS, UNIQUE_CHECKS=0 */;
/*!40014 SET @OLD_FOREIGN_KEY_CHECKS=@@FOREIGN_KEY_CHECKS, FOREIGN_KEY_CHECKS=0 */;
/*!40101 SET @OLD_SQL_MODE=@@SQL_MODE, SQL_MODE='NO_AUTO_VALUE_ON_ZERO' */;
/*!40111 SET @OLD_SQL_NOTES=@@SQL_NOTES, SQL_NOTES=0 */;

--
-- Current Database: `banking_production`
--

CREATE DATABASE /*!32312 IF NOT EXISTS*/ `banking_production` /*!40100 DEFAULT CHARACTER SET utf8mb4 COLLATE utf8mb4_unicode_ci */;
USE `banking_production`;

--
-- Table structure for table `users`
--

DROP TABLE IF EXISTS `users`;
/*!40101 SET @saved_cs_client     = @@character_set_client */;
/*!50503 SET character_set_client = utf8mb4 */;
CREATE TABLE `users` (
  `id` bigint NOT NULL AUTO_INCREMENT,
  `uuid` char(36) COLLATE utf8mb4_unicode_ci NOT NULL,
  `email` varchar(255) COLLATE utf8mb4_unicode_ci NOT NULL,
  `password_hash` varchar(255) COLLATE utf8mb4_unicode_ci NOT NULL,
  `full_name` varchar(255) COLLATE utf8mb4_unicode_ci NOT NULL,
  `account_number` varchar(20) COLLATE utf8mb4_unicode_ci NOT NULL,
  `balance` decimal(15,2) NOT NULL DEFAULT '0.00',
  `currency` char(3) COLLATE utf8mb4_unicode_ci NOT NULL DEFAULT 'USD',
  `status` enum('active','suspended','closed') COLLATE utf8mb4_unicode_ci NOT NULL DEFAULT 'active',
  `email_verified` tinyint(1) DEFAULT '0',
  `two_factor_enabled` tinyint(1) DEFAULT '0',
  `last_login` timestamp NULL DEFAULT NULL,
  `created_at` timestamp NOT NULL DEFAULT CURRENT_TIMESTAMP,
  `updated_at` timestamp NOT NULL DEFAULT CURRENT_TIMESTAMP ON UPDATE CURRENT_TIMESTAMP,
  PRIMARY KEY (`id`),
  UNIQUE KEY `uk_users_uuid` (`uuid`),
  UNIQUE KEY `uk_users_email` (`email`),
  UNIQUE KEY `uk_users_account_number` (`account_number`),
  KEY `idx_users_status` (`status`),
  KEY `idx_users_created_at` (`created_at`)
) ENGINE=InnoDB AUTO_INCREMENT=1247 DEFAULT CHARSET=utf8mb4 COLLATE=utf8mb4_unicode_ci;
/*!40101 SET character_set_client = @saved_cs_client */;

--
-- Dumping data for table `users`
--

LOCK TABLES `users` WRITE;
/*!40000 ALTER TABLE `users` DISABLE KEYS */;
INSERT INTO `users` VALUES 
(1,'550e8400-e29b-41d4-a716-446655440000','admin@bankapp.com','$2y$10$N9qo8uLOickgx2ZMRZoMy.Mr/.8lqF5FjYqVvKQFkqRqZm2fGg1YG','System Administrator','ADMIN001',999999.99,'USD','active',1,1,'2025-01-15 08:30:00','2024-01-01 00:00:00','2025-01-15 08:30:00'),
(2,'550e8400-e29b-41d4-a716-446655440001','john.doe@bankapp.com','$2y$10$X8bHuhc.eQqK5.yFG3xUI.FMZJwjJXiKqKqJxYyXrRqLpM9nVwO2k','Johnathan Doe','ACC1001',15420.50,'USD','active',1,0,'2025-01-14 18:45:00','2024-06-15 10:30:00','2025-01-14 18:45:00'),
(3,'550e8400-e29b-41d4-a716-446655440002','sarah.johnson@bankapp.com','$2y$10$A1bC2dE3fG4hI5jK6lM7nO8pQ9rS0tU1vW2xY3zA4bC5dE6fG7hI8jK','Sarah M. Johnson','ACC1002',28900.00,'USD','active',1,1,'2025-01-15 09:15:00','2024-08-22 14:45:00','2025-01-15 09:15:00'),
(4,'550e8400-e29b-41d4-a716-446655440003','michael.brown@corp.com','$2y$10$B1cC2dD3eE4fF5gG6hH7iI8jJ9kK0lL1mM2nN3oO4pP5qQ6rR7sS8tT9uU','Michael R. Brown','ACC1003',5420.75,'USD','active',1,0,'2025-01-13 11:20:00','2024-10-10 09:20:00','2025-01-13 11:20:00'),
(5,'550e8400-e29b-41d4-a716-446655440004','emily.wilson@bankapp.com','$2y$10$C1dD2eE3fF4gG5hH6iI7jJ8kK9lL0mM1nN2oO3pP4qQ5rR6sS7tT8uU9vV','Emily Wilson','ACC1004',12750.00,'USD','active',1,0,'2025-01-12 16:30:00','2024-11-05 13:15:00','2025-01-12 16:30:00'),
(6,'550e8400-e29b-41d4-a716-446655440005','david.chen@tech.com','$2y$10$D1eE2fF3gG4hH5iI6jJ7kK8lL9mM0nN1oO2pP3qQ4rR5sS6tT7uU8vV9wW','David Chen','ACC1005',8320.25,'USD','active',1,0,'2025-01-10 20:15:00','2024-12-01 09:45:00','2025-01-10 20:15:00'),
(7,'550e8400-e29b-41d4-a716-446655440006','lisa.anderson@bankapp.com','$2y$10$E1fF2gG3hH4iI5jJ6kK7lL8mM9nN0oO1pP2qQ3rR4sS5tT6uU7vV8wW9xX','Lisa Anderson','ACC1006',45320.80,'USD','active',1,1,'2025-01-15 07:45:00','2024-10-20 11:00:00','2025-01-15 07:45:00'),
(8,'550e8400-e29b-41d4-a716-446655440007','robert.martinez@bankapp.com','$2y$10$F1gG2hH3iI4jJ5kK6lL7mM8nN9oO0pP1qQ2rR3sS4tT5uU6vV7wW8xX9yY','Robert Martinez','ACC1007',2150.00,'USD','active',1,0,'2025-01-09 14:30:00','2024-09-12 08:30:00','2025-01-09 14:30:00');

--
-- Table structure for table `transactions`
--

DROP TABLE IF EXISTS `transactions`;
/*!40101 SET @saved_cs_client     = @@character_set_client */;
/*!50503 SET character_set_client = utf8mb4 */;
CREATE TABLE `transactions` (
  `id` bigint NOT NULL AUTO_INCREMENT,
  `transaction_id` char(36) COLLATE utf8mb4_unicode_ci NOT NULL,
  `from_user_id` bigint NOT NULL,
  `to_user_id` bigint NOT NULL,
  `amount` decimal(15,2) NOT NULL,
  `currency` char(3) COLLATE utf8mb4_unicode_ci NOT NULL DEFAULT 'USD',
  `description` text COLLATE utf8mb4_unicode_ci,
  `status` enum('pending','completed','failed','reversed') COLLATE utf8mb4_unicode_ci NOT NULL DEFAULT 'pending',
  `type` enum('transfer','payment','deposit','withdrawal') COLLATE utf8mb4_unicode_ci NOT NULL,
  `reference` varchar(100) COLLATE utf8mb4_unicode_ci DEFAULT NULL,
  `completed_at` timestamp NULL DEFAULT NULL,
  `created_at` timestamp NOT NULL DEFAULT CURRENT_TIMESTAMP,
  PRIMARY KEY (`id`),
  UNIQUE KEY `uk_transactions_id` (`transaction_id`),
  UNIQUE KEY `uk_transactions_reference` (`reference`),
  KEY `idx_transactions_from_user` (`from_user_id`),
  KEY `idx_transactions_to_user` (`to_user_id`),
  KEY `idx_transactions_status` (`status`),
  KEY `idx_transactions_created_at` (`created_at`),
  CONSTRAINT `fk_transactions_from_user` FOREIGN KEY (`from_user_id`) REFERENCES `users` (`id`) ON DELETE CASCADE,
  CONSTRAINT `fk_transactions_to_user` FOREIGN KEY (`to_user_id`) REFERENCES `users` (`id`) ON DELETE CASCADE
) ENGINE=InnoDB AUTO_INCREMENT=1523 DEFAULT CHARSET=utf8mb4 COLLATE=utf8mb4_unicode_ci;
/*!40101 SET character_set_client = @saved_cs_client */;

--
-- Dumping data for table `transactions`
--

LOCK TABLES `transactions` WRITE;
/*!40000 ALTER TABLE `transactions` DISABLE KEYS */;
INSERT INTO `transactions` VALUES 
(1,'txn_550e8400-e29b-41d4-a716-446655441000',2,3,500.00,'USD','Birthday gift','completed','transfer','REF-P2P-001','2025-01-10 11:23:45','2025-01-10 11:23:45'),
(2,'txn_550e8400-e29b-41d4-a716-446655441001',3,4,1250.00,'USD','Monthly rent payment','completed','payment','REF-RENT-012','2025-01-12 09:15:30','2025-01-12 09:15:30'),
(3,'txn_550e8400-e29b-41d4-a716-446655441002',1,2,10000.00,'USD','January salary','completed','deposit','REF-PAY-2025-001','2025-01-15 02:00:00','2025-01-15 02:00:00'),
(4,'txn_550e8400-e29b-41d4-a716-446655441003',2,5,250.00,'USD','Dinner reimbursement','completed','transfer','REF-EXP-042','2025-01-14 19:30:00','2025-01-14 19:30:00'),
(5,'txn_550e8400-e29b-41d4-a716-446655441004',5,7,1500.00,'USD','Investment deposit','completed','deposit','REF-INV-089','2025-01-13 10:00:00','2025-01-13 10:00:00'),
(6,'txn_550e8400-e29b-41d4-a716-446655441005',7,2,320.50,'USD','Split dinner bill','pending','transfer','REF-SPLIT-123','2025-01-15 08:45:00','2025-01-15 08:45:00'),
(7,'txn_550e8400-e29b-41d4-a716-446655441006',4,6,75.25,'USD','Coffee shop','completed','payment',NULL,'2025-01-11 14:20:00','2025-01-11 14:20:00'),
(8,'txn_550e8400-e29b-41d4-a716-446655441007',6,3,2000.00,'USD','Loan payment','completed','payment','REF-LOAN-456','2025-01-09 16:00:00','2025-01-09 16:00:00');

--
-- Table structure for table `api_keys`
--

DROP TABLE IF EXISTS `api_keys`;
/*!40101 SET @saved_cs_client     = @@character_set_client */;
/*!50503 SET character_set_client = utf8mb4 */;
CREATE TABLE `api_keys` (
  `id` int NOT NULL AUTO_INCREMENT,
  `key_id` varchar(100) NOT NULL,
  `api_key` varchar(255) NOT NULL,
  `api_secret` varchar(255) NOT NULL,
  `environment` enum('sandbox','production') NOT NULL DEFAULT 'production',
  `permissions` json DEFAULT NULL,
  `created_at` timestamp NOT NULL DEFAULT CURRENT_TIMESTAMP,
  `expires_at` timestamp NULL DEFAULT NULL,
  PRIMARY KEY (`id`),
  UNIQUE KEY `uk_api_keys_key_id` (`key_id`)
) ENGINE=InnoDB AUTO_INCREMENT=5 DEFAULT CHARSET=utf8mb4 COLLATE=utf8mb4_unicode_ci;

INSERT INTO `api_keys` VALUES 
(1,'prod_gateway_01','pk_live_4k3j2h1g0f9d8s7a6d5f4g3h2j1k','sk_live_9h8g7f6d5s4a3d2f1g5h6j7k8l','production','[\"read\", \"write\", \"admin\"]','2024-01-01 00:00:00','2026-01-01 00:00:00'),
(2,'prod_backup_svc','bk_live_8g7f6d5s4a3d2f1g5h6j7k8l','sb_live_7f6d5s4a3d2f1g5h6j7k8l9m','production','[\"read\"]','2024-06-15 10:30:00','2025-12-31 23:59:59');

--
-- Table structure for table `sessions`
--

DROP TABLE IF EXISTS `sessions`;
/*!40101 SET @saved_cs_client     = @@character_set_client */;
/*!50503 SET character_set_client = utf8mb4 */;
CREATE TABLE `sessions` (
  `id` varchar(128) NOT NULL,
  `user_id` bigint NOT NULL,
  `ip_address` varchar(45) NOT NULL,
  `user_agent` text,
  `payload` text NOT NULL,
  `last_activity` int NOT NULL,
  PRIMARY KEY (`id`),
  KEY `idx_sessions_user_id` (`user_id`),
  KEY `idx_sessions_last_activity` (`last_activity`)
) ENGINE=InnoDB DEFAULT CHARSET=utf8mb4 COLLATE=utf8mb4_unicode_ci;

/*!40103 SET TIME_ZONE=@OLD_TIME_ZONE */;
/*!40101 SET SQL_MODE=@OLD_SQL_MODE */;
/*!40014 SET FOREIGN_KEY_CHECKS=@OLD_FOREIGN_KEY_CHECKS */;
/*!40014 SET UNIQUE_CHECKS=@OLD_UNIQUE_CHECKS */;
/*!40101 SET CHARACTER_SET_CLIENT=@OLD_CHARACTER_SET_CLIENT */;
/*!40101 SET CHARACTER_SET_RESULTS=@OLD_CHARACTER_SET_RESULTS */;
/*!40101 SET COLLATION_CONNECTION=@OLD_COLLATION_CONNECTION */;
/*!40111 SET SQL_NOTES=@OLD_SQL_NOTES */;

-- Dump completed on 2025-01-15 03:14:22
